chain,day,total_value
Avalanche,2021-12-25 00:00:00.000 UTC,21000000020156181660273739603
avalanche_c,2021-12-25 00:00:00.000 UTC,21000000020156181660273739603
Avalanche,2021-12-27 00:00:00.000 UTC,2174312360351225383
Gnosis,2021-12-27 00:00:00.000 UTC,21000000000000000000000000000
avalanche_c,2021-12-27 00:00:00.000 UTC,2174312360351225383
gnosis,2021-12-27 00:00:00.000 UTC,21000000000000000000000000000
Gnosis,2021-12-28 00:00:00.000 UTC,1358545017704273343
gnosis,2021-12-28 00:00:00.000 UTC,1358545017704273343
Avalanche,2021-12-30 00:00:00.000 UTC,1077221032632799134998
Gnosis,2021-12-30 00:00:00.000 UTC,1008985791887183425894
avalanche_c,2021-12-30 00:00:00.000 UTC,1077221032632799134998
gnosis,2021-12-30 00:00:00.000 UTC,1008985791887183425894
Gnosis,2021-12-31 00:00:00.000 UTC,21820030051806993867
gnosis,2021-12-31 00:00:00.000 UTC,21820030051806993867
Avalanche,2022-01-03 00:00:00.000 UTC,34404722367798740336
Gnosis,2022-01-03 00:00:00.000 UTC,13276520977513884586
avalanche_c,2022-01-03 00:00:00.000 UTC,34404722367798740336
gnosis,2022-01-03 00:00:00.000 UTC,13276520977513884586
Avalanche,2022-01-05 00:00:00.000 UTC,1300000000000000000
Gnosis,2022-01-05 00:00:00.000 UTC,204977806038523120
avalanche_c,2022-01-05 00:00:00.000 UTC,1300000000000000000
gnosis,2022-01-05 00:00:00.000 UTC,204977806038523120
Avalanche,2022-01-06 00:00:00.000 UTC,11792396955377319231
Gnosis,2022-01-06 00:00:00.000 UTC,739487569439650126
avalanche_c,2022-01-06 00:00:00.000 UTC,11792396955377319231
gnosis,2022-01-06 00:00:00.000 UTC,739487569439650126
Avalanche,2022-01-07 00:00:00.000 UTC,152350268791437006695
Gnosis,2022-01-07 00:00:00.000 UTC,1133949057587322411
avalanche_c,2022-01-07 00:00:00.000 UTC,152350268791437006695
gnosis,2022-01-07 00:00:00.000 UTC,1133949057587322411
Avalanche,2022-01-08 00:00:00.000 UTC,450147861465080296
avalanche_c,2022-01-08 00:00:00.000 UTC,450147861465080296
Avalanche,2022-01-09 00:00:00.000 UTC,2693351253276769
avalanche_c,2022-01-09 00:00:00.000 UTC,2693351253276769
Avalanche,2022-01-10 00:00:00.000 UTC,1329090173603783
Gnosis,2022-01-10 00:00:00.000 UTC,432613866915803166
avalanche_c,2022-01-10 00:00:00.000 UTC,1329090173603783
gnosis,2022-01-10 00:00:00.000 UTC,432613866915803166
Avalanche,2022-01-11 00:00:00.000 UTC,834089334980801
avalanche_c,2022-01-11 00:00:00.000 UTC,834089334980801
Avalanche,2022-01-12 00:00:00.000 UTC,5902227240787353
avalanche_c,2022-01-12 00:00:00.000 UTC,5902227240787353
Avalanche,2022-01-13 00:00:00.000 UTC,2670090622974062
Gnosis,2022-01-13 00:00:00.000 UTC,39439442099659206233
avalanche_c,2022-01-13 00:00:00.000 UTC,2670090622974062
gnosis,2022-01-13 00:00:00.000 UTC,39439442099659206233
Avalanche,2022-01-14 00:00:00.000 UTC,1140356011370326
avalanche_c,2022-01-14 00:00:00.000 UTC,1140356011370326
Avalanche,2022-01-15 00:00:00.000 UTC,4882738285032098
avalanche_c,2022-01-15 00:00:00.000 UTC,4882738285032098
Avalanche,2022-01-16 00:00:00.000 UTC,5000000000000
avalanche_c,2022-01-16 00:00:00.000 UTC,5000000000000
Avalanche,2022-01-18 00:00:00.000 UTC,118389377725779
Gnosis,2022-01-18 00:00:00.000 UTC,253743143618711
avalanche_c,2022-01-18 00:00:00.000 UTC,118389377725779
gnosis,2022-01-18 00:00:00.000 UTC,253743143618711
Avalanche,2022-01-19 00:00:00.000 UTC,93986409994831
Gnosis,2022-01-19 00:00:00.000 UTC,47266488259234965
avalanche_c,2022-01-19 00:00:00.000 UTC,93986409994831
gnosis,2022-01-19 00:00:00.000 UTC,47266488259234965
Gnosis,2022-01-20 00:00:00.000 UTC,32119545847236809
gnosis,2022-01-20 00:00:00.000 UTC,32119545847236809
Gnosis,2022-01-21 00:00:00.000 UTC,30959505092984586
gnosis,2022-01-21 00:00:00.000 UTC,30959505092984586
Gnosis,2022-01-22 00:00:00.000 UTC,13000000000000000
gnosis,2022-01-22 00:00:00.000 UTC,13000000000000000
Avalanche,2022-01-23 00:00:00.000 UTC,20378934614386
Gnosis,2022-01-23 00:00:00.000 UTC,857467742648736
avalanche_c,2022-01-23 00:00:00.000 UTC,20378934614386
gnosis,2022-01-23 00:00:00.000 UTC,857467742648736
Avalanche,2022-02-01 00:00:00.000 UTC,97788919306526
avalanche_c,2022-02-01 00:00:00.000 UTC,97788919306526
Gnosis,2022-02-04 00:00:00.000 UTC,19539570935400808
gnosis,2022-02-04 00:00:00.000 UTC,19539570935400808
Gnosis,2022-02-17 00:00:00.000 UTC,3000000000000000
gnosis,2022-02-17 00:00:00.000 UTC,3000000000000000
Gnosis,2022-02-21 00:00:00.000 UTC,23400882293889902
gnosis,2022-02-21 00:00:00.000 UTC,23400882293889902
Gnosis,2022-03-07 00:00:00.000 UTC,175531570923235151
gnosis,2022-03-07 00:00:00.000 UTC,175531570923235151
Avalanche,2022-03-09 00:00:00.000 UTC,10017598368859532535525980
Gnosis,2022-03-09 00:00:00.000 UTC,10028885592453224917303728
avalanche_c,2022-03-09 00:00:00.000 UTC,10017598368859532535525980
gnosis,2022-03-09 00:00:00.000 UTC,10028885592453224917303728
Avalanche,2022-03-10 00:00:00.000 UTC,1882819190053727068055
avalanche_c,2022-03-10 00:00:00.000 UTC,1882819190053727068055
Avalanche,2022-03-11 00:00:00.000 UTC,11056072734386585137520
Gnosis,2022-03-11 00:00:00.000 UTC,30847816686423350384632
avalanche_c,2022-03-11 00:00:00.000 UTC,11056072734386585137520
gnosis,2022-03-11 00:00:00.000 UTC,30847816686423350384632
Avalanche,2022-03-13 00:00:00.000 UTC,1254701983121699292
Gnosis,2022-03-13 00:00:00.000 UTC,25098677573362644
avalanche_c,2022-03-13 00:00:00.000 UTC,1254701983121699292
gnosis,2022-03-13 00:00:00.000 UTC,25098677573362644
Avalanche,2022-03-16 00:00:00.000 UTC,8949000000000000000
Gnosis,2022-03-16 00:00:00.000 UTC,13666922276560640239
avalanche_c,2022-03-16 00:00:00.000 UTC,8949000000000000000
gnosis,2022-03-16 00:00:00.000 UTC,13666922276560640239
Avalanche,2022-03-17 00:00:00.000 UTC,3086949277948213634
avalanche_c,2022-03-17 00:00:00.000 UTC,3086949277948213634
Avalanche,2022-03-19 00:00:00.000 UTC,16084220216762322290
avalanche_c,2022-03-19 00:00:00.000 UTC,16084220216762322290
Avalanche,2022-03-20 00:00:00.000 UTC,54067005874109791192
Gnosis,2022-03-20 00:00:00.000 UTC,48883759816226123391
avalanche_c,2022-03-20 00:00:00.000 UTC,54067005874109791192
gnosis,2022-03-20 00:00:00.000 UTC,48883759816226123391
Gnosis,2022-03-25 00:00:00.000 UTC,170948491364389171273
gnosis,2022-03-25 00:00:00.000 UTC,170948491364389171273
Avalanche,2022-03-26 00:00:00.000 UTC,110731724336335171170
Gnosis,2022-03-26 00:00:00.000 UTC,379880567210611202762
avalanche_c,2022-03-26 00:00:00.000 UTC,110731724336335171170
gnosis,2022-03-26 00:00:00.000 UTC,379880567210611202762
Gnosis,2022-03-27 00:00:00.000 UTC,184718013914846534709
gnosis,2022-03-27 00:00:00.000 UTC,184718013914846534709
Gnosis,2022-03-29 00:00:00.000 UTC,175410824966946651009
gnosis,2022-03-29 00:00:00.000 UTC,175410824966946651009
Gnosis,2022-04-01 00:00:00.000 UTC,9899246820125488414
gnosis,2022-04-01 00:00:00.000 UTC,9899246820125488414
Gnosis,2022-04-02 00:00:00.000 UTC,561563211289781803
gnosis,2022-04-02 00:00:00.000 UTC,561563211289781803
Gnosis,2022-04-05 00:00:00.000 UTC,892899757592784951323270
gnosis,2022-04-05 00:00:00.000 UTC,892899757592784951323270
Avalanche,2022-04-10 00:00:00.000 UTC,4826831146756527812428385
Gnosis,2022-04-10 00:00:00.000 UTC,11223951487142944736692
avalanche_c,2022-04-10 00:00:00.000 UTC,4826831146756527812428385
gnosis,2022-04-10 00:00:00.000 UTC,11223951487142944736692
Avalanche,2022-04-15 00:00:00.000 UTC,200622865782093719805641
avalanche_c,2022-04-15 00:00:00.000 UTC,200622865782093719805641
Gnosis,2022-05-04 00:00:00.000 UTC,206163835811777901862
gnosis,2022-05-04 00:00:00.000 UTC,206163835811777901862
Gnosis,2022-05-25 00:00:00.000 UTC,71198791289135292224686
gnosis,2022-05-25 00:00:00.000 UTC,71198791289135292224686
Avalanche,2022-05-26 00:00:00.000 UTC,834857446104888457767007
avalanche_c,2022-05-26 00:00:00.000 UTC,834857446104888457767007
Avalanche,2022-05-27 00:00:00.000 UTC,70000000000000000000000
Gnosis,2022-05-27 00:00:00.000 UTC,213978364889152100953317
avalanche_c,2022-05-27 00:00:00.000 UTC,70000000000000000000000
gnosis,2022-05-27 00:00:00.000 UTC,213978364889152100953317
Avalanche,2022-05-28 00:00:00.000 UTC,21034036324660350815784381569
Gnosis,2022-05-28 00:00:00.000 UTC,115941508114136417245787827
avalanche_c,2022-05-28 00:00:00.000 UTC,21034036324660350815784381569
gnosis,2022-05-28 00:00:00.000 UTC,115941508114136417245787827
Gnosis,2022-05-29 00:00:00.000 UTC,96246527511931702770738
gnosis,2022-05-29 00:00:00.000 UTC,96246527511931702770738
Gnosis,2022-05-30 00:00:00.000 UTC,1402878458044457284141182
gnosis,2022-05-30 00:00:00.000 UTC,1402878458044457284141182
Gnosis,2022-06-01 00:00:00.000 UTC,657551513531925696534632
gnosis,2022-06-01 00:00:00.000 UTC,657551513531925696534632
Gnosis,2022-06-02 00:00:00.000 UTC,58229169124706967720356
gnosis,2022-06-02 00:00:00.000 UTC,58229169124706967720356
Gnosis,2022-06-03 00:00:00.000 UTC,188582170738089817102987
gnosis,2022-06-03 00:00:00.000 UTC,188582170738089817102987
Gnosis,2022-06-06 00:00:00.000 UTC,909537667252496533323447
gnosis,2022-06-06 00:00:00.000 UTC,909537667252496533323447
Gnosis,2022-06-07 00:00:00.000 UTC,1236551506746292087577234
gnosis,2022-06-07 00:00:00.000 UTC,1236551506746292087577234
Gnosis,2022-06-08 00:00:00.000 UTC,32294908060834496211642
gnosis,2022-06-08 00:00:00.000 UTC,32294908060834496211642
Gnosis,2022-06-09 00:00:00.000 UTC,100578674149918833769931
gnosis,2022-06-09 00:00:00.000 UTC,100578674149918833769931
Gnosis,2022-06-10 00:00:00.000 UTC,520497328304730657064414
gnosis,2022-06-10 00:00:00.000 UTC,520497328304730657064414
Gnosis,2022-06-11 00:00:00.000 UTC,552534851533551915593335
gnosis,2022-06-11 00:00:00.000 UTC,552534851533551915593335
Gnosis,2022-06-12 00:00:00.000 UTC,574331310676962713812826
gnosis,2022-06-12 00:00:00.000 UTC,574331310676962713812826
Gnosis,2022-06-13 00:00:00.000 UTC,2838669000360936135111128
gnosis,2022-06-13 00:00:00.000 UTC,2838669000360936135111128
Gnosis,2022-06-14 00:00:00.000 UTC,2360457726917463308308045
gnosis,2022-06-14 00:00:00.000 UTC,2360457726917463308308045
Gnosis,2022-06-15 00:00:00.000 UTC,10445823132115953277522672
gnosis,2022-06-15 00:00:00.000 UTC,10445823132115953277522672
Gnosis,2022-06-16 00:00:00.000 UTC,991560350489285967201732
gnosis,2022-06-16 00:00:00.000 UTC,991560350489285967201732
Gnosis,2022-06-17 00:00:00.000 UTC,109756974035902077337298
gnosis,2022-06-17 00:00:00.000 UTC,109756974035902077337298
Gnosis,2022-06-18 00:00:00.000 UTC,2607062669944008407695289
gnosis,2022-06-18 00:00:00.000 UTC,2607062669944008407695289
Gnosis,2022-06-19 00:00:00.000 UTC,2964914762937704562166213
gnosis,2022-06-19 00:00:00.000 UTC,2964914762937704562166213
Gnosis,2022-06-20 00:00:00.000 UTC,883609736165585356800785
gnosis,2022-06-20 00:00:00.000 UTC,883609736165585356800785
Gnosis,2022-06-21 00:00:00.000 UTC,717640596778039195624295
gnosis,2022-06-21 00:00:00.000 UTC,717640596778039195624295
Gnosis,2022-06-22 00:00:00.000 UTC,401492235632473616307856
gnosis,2022-06-22 00:00:00.000 UTC,401492235632473616307856
Gnosis,2022-06-23 00:00:00.000 UTC,623977072247251179833421
gnosis,2022-06-23 00:00:00.000 UTC,623977072247251179833421
Gnosis,2022-06-24 00:00:00.000 UTC,934664936265778411055345
gnosis,2022-06-24 00:00:00.000 UTC,934664936265778411055345
Gnosis,2022-06-25 00:00:00.000 UTC,70720879945213885725904
gnosis,2022-06-25 00:00:00.000 UTC,70720879945213885725904
Gnosis,2022-06-26 00:00:00.000 UTC,716927237986333251664625
gnosis,2022-06-26 00:00:00.000 UTC,716927237986333251664625
Gnosis,2022-06-27 00:00:00.000 UTC,222391160202426781340155
gnosis,2022-06-27 00:00:00.000 UTC,222391160202426781340155
Gnosis,2022-06-28 00:00:00.000 UTC,241987382623799345780908
gnosis,2022-06-28 00:00:00.000 UTC,241987382623799345780908
Gnosis,2022-06-29 00:00:00.000 UTC,315474691934996776541024
gnosis,2022-06-29 00:00:00.000 UTC,315474691934996776541024
Gnosis,2022-06-30 00:00:00.000 UTC,915791233534911132666002
gnosis,2022-06-30 00:00:00.000 UTC,915791233534911132666002
Gnosis,2022-07-01 00:00:00.000 UTC,1036097351279637311351808
gnosis,2022-07-01 00:00:00.000 UTC,1036097351279637311351808
Gnosis,2022-07-02 00:00:00.000 UTC,91545982539066253167254
gnosis,2022-07-02 00:00:00.000 UTC,91545982539066253167254
Gnosis,2022-07-04 00:00:00.000 UTC,577652989939498189211155
gnosis,2022-07-04 00:00:00.000 UTC,577652989939498189211155
Gnosis,2022-07-05 00:00:00.000 UTC,931959097508607920514369
gnosis,2022-07-05 00:00:00.000 UTC,931959097508607920514369
Gnosis,2022-07-06 00:00:00.000 UTC,252278087566213784595856
gnosis,2022-07-06 00:00:00.000 UTC,252278087566213784595856
Gnosis,2022-07-07 00:00:00.000 UTC,827542128218559098255290
gnosis,2022-07-07 00:00:00.000 UTC,827542128218559098255290
Gnosis,2022-07-08 00:00:00.000 UTC,396127447946107568995236
gnosis,2022-07-08 00:00:00.000 UTC,396127447946107568995236
Gnosis,2022-07-10 00:00:00.000 UTC,247948452804947678193304
gnosis,2022-07-10 00:00:00.000 UTC,247948452804947678193304
Gnosis,2022-07-11 00:00:00.000 UTC,576309142195508803678377
gnosis,2022-07-11 00:00:00.000 UTC,576309142195508803678377
Gnosis,2022-07-12 00:00:00.000 UTC,442258486445656518711695
gnosis,2022-07-12 00:00:00.000 UTC,442258486445656518711695
Gnosis,2022-07-13 00:00:00.000 UTC,881150062227347930505805
gnosis,2022-07-13 00:00:00.000 UTC,881150062227347930505805
Gnosis,2022-07-14 00:00:00.000 UTC,934724291101532743526306
gnosis,2022-07-14 00:00:00.000 UTC,934724291101532743526306
Gnosis,2022-07-15 00:00:00.000 UTC,468396264685726708927372
gnosis,2022-07-15 00:00:00.000 UTC,468396264685726708927372
Gnosis,2022-07-16 00:00:00.000 UTC,1200877030713299620143900
gnosis,2022-07-16 00:00:00.000 UTC,1200877030713299620143900
Gnosis,2022-07-17 00:00:00.000 UTC,93767496190501094451775
gnosis,2022-07-17 00:00:00.000 UTC,93767496190501094451775
Gnosis,2022-07-18 00:00:00.000 UTC,1800435082472620994396221
gnosis,2022-07-18 00:00:00.000 UTC,1800435082472620994396221
Gnosis,2022-07-19 00:00:00.000 UTC,1179648493221805421703890
gnosis,2022-07-19 00:00:00.000 UTC,1179648493221805421703890
Gnosis,2022-07-20 00:00:00.000 UTC,509777349754558720675282
gnosis,2022-07-20 00:00:00.000 UTC,509777349754558720675282
Gnosis,2022-07-21 00:00:00.000 UTC,318657156314558986082966
gnosis,2022-07-21 00:00:00.000 UTC,318657156314558986082966
Gnosis,2022-07-22 00:00:00.000 UTC,618605973707420407551142
gnosis,2022-07-22 00:00:00.000 UTC,618605973707420407551142
Gnosis,2022-07-23 00:00:00.000 UTC,232501828372924012626833
gnosis,2022-07-23 00:00:00.000 UTC,232501828372924012626833
Gnosis,2022-07-24 00:00:00.000 UTC,415195958419048827135868
gnosis,2022-07-24 00:00:00.000 UTC,415195958419048827135868
Gnosis,2022-07-25 00:00:00.000 UTC,739029779821265115607610
gnosis,2022-07-25 00:00:00.000 UTC,739029779821265115607610
Gnosis,2022-07-26 00:00:00.000 UTC,424633273265731768573630
gnosis,2022-07-26 00:00:00.000 UTC,424633273265731768573630
Gnosis,2022-07-27 00:00:00.000 UTC,1395746953605490714259259
gnosis,2022-07-27 00:00:00.000 UTC,1395746953605490714259259
Gnosis,2022-07-28 00:00:00.000 UTC,646981759675171719028674
gnosis,2022-07-28 00:00:00.000 UTC,646981759675171719028674
Gnosis,2022-07-29 00:00:00.000 UTC,138628363225848858570141
gnosis,2022-07-29 00:00:00.000 UTC,138628363225848858570141
Gnosis,2022-07-30 00:00:00.000 UTC,98908562605131885840516
gnosis,2022-07-30 00:00:00.000 UTC,98908562605131885840516
Gnosis,2022-07-31 00:00:00.000 UTC,92556989430368161453824
gnosis,2022-07-31 00:00:00.000 UTC,92556989430368161453824
Gnosis,2022-08-01 00:00:00.000 UTC,219128371267434297067721
gnosis,2022-08-01 00:00:00.000 UTC,219128371267434297067721
Gnosis,2022-08-02 00:00:00.000 UTC,489562539991441859805610
gnosis,2022-08-02 00:00:00.000 UTC,489562539991441859805610
Gnosis,2022-08-03 00:00:00.000 UTC,25000000000000000000
gnosis,2022-08-03 00:00:00.000 UTC,25000000000000000000
Gnosis,2022-08-04 00:00:00.000 UTC,77180461797882620628102
gnosis,2022-08-04 00:00:00.000 UTC,77180461797882620628102
Gnosis,2022-08-05 00:00:00.000 UTC,447580062360400327569307
gnosis,2022-08-05 00:00:00.000 UTC,447580062360400327569307
Gnosis,2022-08-06 00:00:00.000 UTC,179154223748867567866020
gnosis,2022-08-06 00:00:00.000 UTC,179154223748867567866020
Gnosis,2022-08-07 00:00:00.000 UTC,1615422482494146263429
gnosis,2022-08-07 00:00:00.000 UTC,1615422482494146263429
Gnosis,2022-08-08 00:00:00.000 UTC,621406545804104018120605
gnosis,2022-08-08 00:00:00.000 UTC,621406545804104018120605
Gnosis,2022-08-09 00:00:00.000 UTC,355104743549907738374726
gnosis,2022-08-09 00:00:00.000 UTC,355104743549907738374726
Gnosis,2022-08-10 00:00:00.000 UTC,930872782914033786938666
gnosis,2022-08-10 00:00:00.000 UTC,930872782914033786938666
Gnosis,2022-08-11 00:00:00.000 UTC,137368505554111646986632
gnosis,2022-08-11 00:00:00.000 UTC,137368505554111646986632
Gnosis,2022-08-12 00:00:00.000 UTC,275671683327146098801344
gnosis,2022-08-12 00:00:00.000 UTC,275671683327146098801344
Gnosis,2022-08-13 00:00:00.000 UTC,383365214420948702337609
gnosis,2022-08-13 00:00:00.000 UTC,383365214420948702337609
Gnosis,2022-08-15 00:00:00.000 UTC,227342293006816977594784
gnosis,2022-08-15 00:00:00.000 UTC,227342293006816977594784
Gnosis,2022-08-16 00:00:00.000 UTC,21113492228603534740195604540
gnosis,2022-08-16 00:00:00.000 UTC,21113492228603534740195604540
Gnosis,2022-08-17 00:00:00.000 UTC,155041598139665531
gnosis,2022-08-17 00:00:00.000 UTC,155041598139665531
Avalanche,2022-08-18 00:00:00.000 UTC,71487697331779143736696105
Gnosis,2022-08-18 00:00:00.000 UTC,791247579739032677
avalanche_c,2022-08-18 00:00:00.000 UTC,71487697331779143736696105
gnosis,2022-08-18 00:00:00.000 UTC,791247579739032677
Gnosis,2022-08-19 00:00:00.000 UTC,573316764587337649
gnosis,2022-08-19 00:00:00.000 UTC,573316764587337649
Gnosis,2022-08-20 00:00:00.000 UTC,525885729509912972
gnosis,2022-08-20 00:00:00.000 UTC,525885729509912972
Avalanche,2022-08-21 00:00:00.000 UTC,14970137209174028658058
avalanche_c,2022-08-21 00:00:00.000 UTC,14970137209174028658058
Avalanche,2022-08-22 00:00:00.000 UTC,770047610732481209142207
avalanche_c,2022-08-22 00:00:00.000 UTC,770047610732481209142207
Avalanche,2022-08-23 00:00:00.000 UTC,366506199387428018775671
avalanche_c,2022-08-23 00:00:00.000 UTC,366506199387428018775671
Avalanche,2022-08-24 00:00:00.000 UTC,202241063825384663548247
Gnosis,2022-08-24 00:00:00.000 UTC,386817540320160832684
avalanche_c,2022-08-24 00:00:00.000 UTC,202241063825384663548247
gnosis,2022-08-24 00:00:00.000 UTC,386817540320160832684
Avalanche,2022-08-25 00:00:00.000 UTC,78016239712067395863186
Gnosis,2022-08-25 00:00:00.000 UTC,6724111789083031912
avalanche_c,2022-08-25 00:00:00.000 UTC,78016239712067395863186
gnosis,2022-08-25 00:00:00.000 UTC,6724111789083031912
Avalanche,2022-08-26 00:00:00.000 UTC,24304600635401493290862
Gnosis,2022-08-26 00:00:00.000 UTC,2432958908039777898
avalanche_c,2022-08-26 00:00:00.000 UTC,24304600635401493290862
gnosis,2022-08-26 00:00:00.000 UTC,2432958908039777898
Avalanche,2022-08-27 00:00:00.000 UTC,5208160100002604080000000000
Gnosis,2022-08-27 00:00:00.000 UTC,3001060509048501956474403
avalanche_c,2022-08-27 00:00:00.000 UTC,5208160100002604080000000000
gnosis,2022-08-27 00:00:00.000 UTC,3001060509048501956474403
Avalanche,2022-08-28 00:00:00.000 UTC,37112678543670516576893339
avalanche_c,2022-08-28 00:00:00.000 UTC,37112678543670516576893339
Gnosis,2022-08-29 00:00:00.000 UTC,723678768894582666
gnosis,2022-08-29 00:00:00.000 UTC,723678768894582666
Gnosis,2022-08-30 00:00:00.000 UTC,1424716481333260035
gnosis,2022-08-30 00:00:00.000 UTC,1424716481333260035
Arbitrum,2022-08-31 00:00:00.000 UTC,21000003100884675388603173538
Gnosis,2022-08-31 00:00:00.000 UTC,485775516110244586
arbitrum,2022-08-31 00:00:00.000 UTC,21000003100884675388603173538
gnosis,2022-08-31 00:00:00.000 UTC,485775516110244586
Arbitrum,2022-09-01 00:00:00.000 UTC,3838731008924134146035
Avalanche,2022-09-01 00:00:00.000 UTC,5140795364779258526804680419
Gnosis,2022-09-01 00:00:00.000 UTC,400676224347202131
arbitrum,2022-09-01 00:00:00.000 UTC,3838731008924134146035
avalanche_c,2022-09-01 00:00:00.000 UTC,5140795364779258526804680419
gnosis,2022-09-01 00:00:00.000 UTC,400676224347202131
Avalanche,2022-09-02 00:00:00.000 UTC,6126266909952378703180
Gnosis,2022-09-02 00:00:00.000 UTC,3001878704420971140702593
avalanche_c,2022-09-02 00:00:00.000 UTC,6126266909952378703180
gnosis,2022-09-02 00:00:00.000 UTC,3001878704420971140702593
Gnosis,2022-09-03 00:00:00.000 UTC,2770538386555994766
gnosis,2022-09-03 00:00:00.000 UTC,2770538386555994766
Arbitrum,2022-09-04 00:00:00.000 UTC,95930763009884378467
Avalanche,2022-09-04 00:00:00.000 UTC,104665623194071831280165746
Gnosis,2022-09-04 00:00:00.000 UTC,554840591446435751655
arbitrum,2022-09-04 00:00:00.000 UTC,95930763009884378467
avalanche_c,2022-09-04 00:00:00.000 UTC,104665623194071831280165746
gnosis,2022-09-04 00:00:00.000 UTC,554840591446435751655
Avalanche,2022-09-05 00:00:00.000 UTC,2254075050545314917608
avalanche_c,2022-09-05 00:00:00.000 UTC,2254075050545314917608
Gnosis,2022-09-06 00:00:00.000 UTC,7190326044272733565
gnosis,2022-09-06 00:00:00.000 UTC,7190326044272733565
Arbitrum,2022-09-07 00:00:00.000 UTC,300794215445797467218
Avalanche,2022-09-07 00:00:00.000 UTC,8394969206037451318506
Gnosis,2022-09-07 00:00:00.000 UTC,14925269913939057919
arbitrum,2022-09-07 00:00:00.000 UTC,300794215445797467218
avalanche_c,2022-09-07 00:00:00.000 UTC,8394969206037451318506
gnosis,2022-09-07 00:00:00.000 UTC,14925269913939057919
Avalanche,2022-09-08 00:00:00.000 UTC,10231629839853650619875
Gnosis,2022-09-08 00:00:00.000 UTC,582113186733802237
avalanche_c,2022-09-08 00:00:00.000 UTC,10231629839853650619875
gnosis,2022-09-08 00:00:00.000 UTC,582113186733802237
Arbitrum,2022-09-09 00:00:00.000 UTC,625321302724814828981
Avalanche,2022-09-09 00:00:00.000 UTC,1408322505735023998881
Gnosis,2022-09-09 00:00:00.000 UTC,13415359679756229492
arbitrum,2022-09-09 00:00:00.000 UTC,625321302724814828981
avalanche_c,2022-09-09 00:00:00.000 UTC,1408322505735023998881
gnosis,2022-09-09 00:00:00.000 UTC,13415359679756229492
Avalanche,2022-09-10 00:00:00.000 UTC,218868149752806918582575
Gnosis,2022-09-10 00:00:00.000 UTC,769621268024412516
avalanche_c,2022-09-10 00:00:00.000 UTC,218868149752806918582575
gnosis,2022-09-10 00:00:00.000 UTC,769621268024412516
Gnosis,2022-09-11 00:00:00.000 UTC,1142209948862668282
gnosis,2022-09-11 00:00:00.000 UTC,1142209948862668282
Avalanche,2022-09-12 00:00:00.000 UTC,71041125084701898568286
Gnosis,2022-09-12 00:00:00.000 UTC,6749823320900429149
avalanche_c,2022-09-12 00:00:00.000 UTC,71041125084701898568286
gnosis,2022-09-12 00:00:00.000 UTC,6749823320900429149
Arbitrum,2022-09-13 00:00:00.000 UTC,908005207358313098291
Gnosis,2022-09-13 00:00:00.000 UTC,11863194173256995865
arbitrum,2022-09-13 00:00:00.000 UTC,908005207358313098291
gnosis,2022-09-13 00:00:00.000 UTC,11863194173256995865
Arbitrum,2022-09-14 00:00:00.000 UTC,0
Gnosis,2022-09-14 00:00:00.000 UTC,1395469838860867117
arbitrum,2022-09-14 00:00:00.000 UTC,0
gnosis,2022-09-14 00:00:00.000 UTC,1395469838860867117
Avalanche,2022-09-15 00:00:00.000 UTC,3920116607084047640978
Gnosis,2022-09-15 00:00:00.000 UTC,2581593167584975101
avalanche_c,2022-09-15 00:00:00.000 UTC,3920116607084047640978
gnosis,2022-09-15 00:00:00.000 UTC,2581593167584975101
Avalanche,2022-09-16 00:00:00.000 UTC,6143606766498197754237
Gnosis,2022-09-16 00:00:00.000 UTC,1074146646870258016
avalanche_c,2022-09-16 00:00:00.000 UTC,6143606766498197754237
gnosis,2022-09-16 00:00:00.000 UTC,1074146646870258016
Avalanche,2022-09-18 00:00:00.000 UTC,3745919916180780568530
Gnosis,2022-09-18 00:00:00.000 UTC,3345193483573366807
avalanche_c,2022-09-18 00:00:00.000 UTC,3745919916180780568530
gnosis,2022-09-18 00:00:00.000 UTC,3345193483573366807
Avalanche,2022-09-19 00:00:00.000 UTC,5456273517075873150310
Gnosis,2022-09-19 00:00:00.000 UTC,9320073185767190845
avalanche_c,2022-09-19 00:00:00.000 UTC,5456273517075873150310
gnosis,2022-09-19 00:00:00.000 UTC,9320073185767190845
Gnosis,2022-09-20 00:00:00.000 UTC,1541452661286267273
gnosis,2022-09-20 00:00:00.000 UTC,1541452661286267273
Arbitrum,2022-09-21 00:00:00.000 UTC,0
Gnosis,2022-09-21 00:00:00.000 UTC,4200743675580820719
arbitrum,2022-09-21 00:00:00.000 UTC,0
gnosis,2022-09-21 00:00:00.000 UTC,4200743675580820719
Gnosis,2022-09-22 00:00:00.000 UTC,1825505478284638914
gnosis,2022-09-22 00:00:00.000 UTC,1825505478284638914
Gnosis,2022-09-23 00:00:00.000 UTC,4237906465751292141
gnosis,2022-09-23 00:00:00.000 UTC,4237906465751292141
Avalanche,2022-09-24 00:00:00.000 UTC,2292205875528170119716
Gnosis,2022-09-24 00:00:00.000 UTC,326404424707827347
avalanche_c,2022-09-24 00:00:00.000 UTC,2292205875528170119716
gnosis,2022-09-24 00:00:00.000 UTC,326404424707827347
Gnosis,2022-09-25 00:00:00.000 UTC,694491017063498093
gnosis,2022-09-25 00:00:00.000 UTC,694491017063498093
Gnosis,2022-09-26 00:00:00.000 UTC,614767857536379543
gnosis,2022-09-26 00:00:00.000 UTC,614767857536379543
Gnosis,2022-09-27 00:00:00.000 UTC,8066212341148736424
gnosis,2022-09-27 00:00:00.000 UTC,8066212341148736424
Gnosis,2022-09-28 00:00:00.000 UTC,6202745750701415348
gnosis,2022-09-28 00:00:00.000 UTC,6202745750701415348
Arbitrum,2022-09-29 00:00:00.000 UTC,0
Gnosis,2022-09-29 00:00:00.000 UTC,2005319422520063967
arbitrum,2022-09-29 00:00:00.000 UTC,0
gnosis,2022-09-29 00:00:00.000 UTC,2005319422520063967
Avalanche,2022-09-30 00:00:00.000 UTC,19515642828700330838056
Gnosis,2022-09-30 00:00:00.000 UTC,1477363646824759857
avalanche_c,2022-09-30 00:00:00.000 UTC,19515642828700330838056
gnosis,2022-09-30 00:00:00.000 UTC,1477363646824759857
Avalanche,2022-10-01 00:00:00.000 UTC,1401148309701535489664925271
Gnosis,2022-10-01 00:00:00.000 UTC,1845497553909580703258392
avalanche_c,2022-10-01 00:00:00.000 UTC,1401148309701535489664925271
gnosis,2022-10-01 00:00:00.000 UTC,1845497553909580703258392
Gnosis,2022-10-02 00:00:00.000 UTC,2743133605261592693
gnosis,2022-10-02 00:00:00.000 UTC,2743133605261592693
Arbitrum,2022-10-03 00:00:00.000 UTC,116006935698332893453
arbitrum,2022-10-03 00:00:00.000 UTC,116006935698332893453
Gnosis,2022-10-04 00:00:00.000 UTC,1725310778512179777
gnosis,2022-10-04 00:00:00.000 UTC,1725310778512179777
Gnosis,2022-10-05 00:00:00.000 UTC,914087083295161444
gnosis,2022-10-05 00:00:00.000 UTC,914087083295161444
Arbitrum,2022-10-06 00:00:00.000 UTC,226720480765286440064320
Gnosis,2022-10-06 00:00:00.000 UTC,1012254079901895171
arbitrum,2022-10-06 00:00:00.000 UTC,226720480765286440064320
gnosis,2022-10-06 00:00:00.000 UTC,1012254079901895171
Avalanche,2022-10-07 00:00:00.000 UTC,7360000000000000000000
Gnosis,2022-10-07 00:00:00.000 UTC,704396486816110262
avalanche_c,2022-10-07 00:00:00.000 UTC,7360000000000000000000
gnosis,2022-10-07 00:00:00.000 UTC,704396486816110262
Gnosis,2022-10-08 00:00:00.000 UTC,557925971411558341
gnosis,2022-10-08 00:00:00.000 UTC,557925971411558341
Avalanche,2022-10-09 00:00:00.000 UTC,4451634787570590895094
avalanche_c,2022-10-09 00:00:00.000 UTC,4451634787570590895094
Gnosis,2022-10-10 00:00:00.000 UTC,1033237185213595467
gnosis,2022-10-10 00:00:00.000 UTC,1033237185213595467
Arbitrum,2022-10-11 00:00:00.000 UTC,0
Gnosis,2022-10-11 00:00:00.000 UTC,845202935712218000
arbitrum,2022-10-11 00:00:00.000 UTC,0
gnosis,2022-10-11 00:00:00.000 UTC,845202935712218000
Gnosis,2022-10-13 00:00:00.000 UTC,8426675127508511486
gnosis,2022-10-13 00:00:00.000 UTC,8426675127508511486
Avalanche,2022-10-14 00:00:00.000 UTC,3116307590897043066
Gnosis,2022-10-14 00:00:00.000 UTC,1878733154288391337
avalanche_c,2022-10-14 00:00:00.000 UTC,3116307590897043066
gnosis,2022-10-14 00:00:00.000 UTC,1878733154288391337
Avalanche,2022-10-15 00:00:00.000 UTC,4623674827039809851187
Gnosis,2022-10-15 00:00:00.000 UTC,433496940070516734
avalanche_c,2022-10-15 00:00:00.000 UTC,4623674827039809851187
gnosis,2022-10-15 00:00:00.000 UTC,433496940070516734
Avalanche,2022-10-17 00:00:00.000 UTC,5422112100371385787538
Gnosis,2022-10-17 00:00:00.000 UTC,169705927044773693
avalanche_c,2022-10-17 00:00:00.000 UTC,5422112100371385787538
gnosis,2022-10-17 00:00:00.000 UTC,169705927044773693
Avalanche,2022-10-18 00:00:00.000 UTC,4485271213281042360677
Gnosis,2022-10-18 00:00:00.000 UTC,239102962396165274
avalanche_c,2022-10-18 00:00:00.000 UTC,4485271213281042360677
gnosis,2022-10-18 00:00:00.000 UTC,239102962396165274
Gnosis,2022-10-19 00:00:00.000 UTC,20998025501707925430937905955
gnosis,2022-10-19 00:00:00.000 UTC,20998025501707925430937905955
Avalanche,2022-10-20 00:00:00.000 UTC,2528000000000000000000
Gnosis,2022-10-20 00:00:00.000 UTC,3239443685211680882
avalanche_c,2022-10-20 00:00:00.000 UTC,2528000000000000000000
gnosis,2022-10-20 00:00:00.000 UTC,3239443685211680882
Avalanche,2022-10-21 00:00:00.000 UTC,1558153795448521533
Gnosis,2022-10-21 00:00:00.000 UTC,1493661061866630381
avalanche_c,2022-10-21 00:00:00.000 UTC,1558153795448521533
gnosis,2022-10-21 00:00:00.000 UTC,1493661061866630381
Gnosis,2022-10-22 00:00:00.000 UTC,7097618323248157255
gnosis,2022-10-22 00:00:00.000 UTC,7097618323248157255
Arbitrum,2022-10-23 00:00:00.000 UTC,20999791027915663258103026630
Gnosis,2022-10-23 00:00:00.000 UTC,4120134723758514944
arbitrum,2022-10-23 00:00:00.000 UTC,20999791027915663258103026630
gnosis,2022-10-23 00:00:00.000 UTC,4120134723758514944
Gnosis,2022-10-24 00:00:00.000 UTC,162181253175868204060225
gnosis,2022-10-24 00:00:00.000 UTC,162181253175868204060225
Gnosis,2022-10-25 00:00:00.000 UTC,458241414940285338482
gnosis,2022-10-25 00:00:00.000 UTC,458241414940285338482
Avalanche,2022-10-26 00:00:00.000 UTC,1132857265325580651053504
Gnosis,2022-10-26 00:00:00.000 UTC,850482759840588334537
avalanche_c,2022-10-26 00:00:00.000 UTC,1132857265325580651053504
gnosis,2022-10-26 00:00:00.000 UTC,850482759840588334537
Avalanche,2022-10-27 00:00:00.000 UTC,90817744017152007900102
Gnosis,2022-10-27 00:00:00.000 UTC,1941427846923179811469647
avalanche_c,2022-10-27 00:00:00.000 UTC,90817744017152007900102
gnosis,2022-10-27 00:00:00.000 UTC,1941427846923179811469647
Arbitrum,2022-10-28 00:00:00.000 UTC,617665276269608494636
Gnosis,2022-10-28 00:00:00.000 UTC,382976222496229401049
arbitrum,2022-10-28 00:00:00.000 UTC,617665276269608494636
gnosis,2022-10-28 00:00:00.000 UTC,382976222496229401049
Gnosis,2022-10-29 00:00:00.000 UTC,2068753862076886472285
gnosis,2022-10-29 00:00:00.000 UTC,2068753862076886472285
Gnosis,2022-10-30 00:00:00.000 UTC,537886697161430299626
gnosis,2022-10-30 00:00:00.000 UTC,537886697161430299626
Arbitrum,2022-10-31 00:00:00.000 UTC,300188816269752899519
Avalanche,2022-10-31 00:00:00.000 UTC,3492915791214558622641
Gnosis,2022-10-31 00:00:00.000 UTC,158109469626508565888
arbitrum,2022-10-31 00:00:00.000 UTC,300188816269752899519
avalanche_c,2022-10-31 00:00:00.000 UTC,3492915791214558622641
gnosis,2022-10-31 00:00:00.000 UTC,158109469626508565888
Avalanche,2022-11-01 00:00:00.000 UTC,12612548584452710052993
Gnosis,2022-11-01 00:00:00.000 UTC,175916778434948673165
avalanche_c,2022-11-01 00:00:00.000 UTC,12612548584452710052993
gnosis,2022-11-01 00:00:00.000 UTC,175916778434948673165
Gnosis,2022-11-02 00:00:00.000 UTC,305713615308832532351
gnosis,2022-11-02 00:00:00.000 UTC,305713615308832532351
Gnosis,2022-11-03 00:00:00.000 UTC,444680249345469254258886
gnosis,2022-11-03 00:00:00.000 UTC,444680249345469254258886
Arbitrum,2022-11-04 00:00:00.000 UTC,121945953775855373844338
Gnosis,2022-11-04 00:00:00.000 UTC,1062667378264381110528108
arbitrum,2022-11-04 00:00:00.000 UTC,121945953775855373844338
gnosis,2022-11-04 00:00:00.000 UTC,1062667378264381110528108
Arbitrum,2022-11-05 00:00:00.000 UTC,583109934720898453740
Avalanche,2022-11-05 00:00:00.000 UTC,86829125813155405483017
Gnosis,2022-11-05 00:00:00.000 UTC,1235644952348878752387
arbitrum,2022-11-05 00:00:00.000 UTC,583109934720898453740
avalanche_c,2022-11-05 00:00:00.000 UTC,86829125813155405483017
gnosis,2022-11-05 00:00:00.000 UTC,1235644952348878752387
Arbitrum,2022-11-06 00:00:00.000 UTC,18855161728430536222
Avalanche,2022-11-06 00:00:00.000 UTC,73439531534822420959899
Gnosis,2022-11-06 00:00:00.000 UTC,771336987545650280467
arbitrum,2022-11-06 00:00:00.000 UTC,18855161728430536222
avalanche_c,2022-11-06 00:00:00.000 UTC,73439531534822420959899
gnosis,2022-11-06 00:00:00.000 UTC,771336987545650280467
Gnosis,2022-11-07 00:00:00.000 UTC,1550329411446871813160
gnosis,2022-11-07 00:00:00.000 UTC,1550329411446871813160
Arbitrum,2022-11-08 00:00:00.000 UTC,265162842535791252403
Gnosis,2022-11-08 00:00:00.000 UTC,15385994202940399976307
arbitrum,2022-11-08 00:00:00.000 UTC,265162842535791252403
gnosis,2022-11-08 00:00:00.000 UTC,15385994202940399976307
Avalanche,2022-11-09 00:00:00.000 UTC,8862847415702522292114
Gnosis,2022-11-09 00:00:00.000 UTC,8196635158463659027927
avalanche_c,2022-11-09 00:00:00.000 UTC,8862847415702522292114
gnosis,2022-11-09 00:00:00.000 UTC,8196635158463659027927
Avalanche,2022-11-10 00:00:00.000 UTC,10000000000000000000000
Gnosis,2022-11-10 00:00:00.000 UTC,53581010301720380000471
avalanche_c,2022-11-10 00:00:00.000 UTC,10000000000000000000000
gnosis,2022-11-10 00:00:00.000 UTC,53581010301720380000471
Avalanche,2022-11-11 00:00:00.000 UTC,15895949484014971331584202
Gnosis,2022-11-11 00:00:00.000 UTC,55171867453971460307559
avalanche_c,2022-11-11 00:00:00.000 UTC,15895949484014971331584202
gnosis,2022-11-11 00:00:00.000 UTC,55171867453971460307559
Avalanche,2022-11-12 00:00:00.000 UTC,72202968673749925718729
Gnosis,2022-11-12 00:00:00.000 UTC,6485547017858755589057071
avalanche_c,2022-11-12 00:00:00.000 UTC,72202968673749925718729
gnosis,2022-11-12 00:00:00.000 UTC,6485547017858755589057071
Arbitrum,2022-11-13 00:00:00.000 UTC,640090642607006917071
Avalanche,2022-11-13 00:00:00.000 UTC,65277004091353991664026
Gnosis,2022-11-13 00:00:00.000 UTC,1057192514390116710126799
arbitrum,2022-11-13 00:00:00.000 UTC,640090642607006917071
avalanche_c,2022-11-13 00:00:00.000 UTC,65277004091353991664026
gnosis,2022-11-13 00:00:00.000 UTC,1057192514390116710126799
Avalanche,2022-11-14 00:00:00.000 UTC,119324770105495613830762
Gnosis,2022-11-14 00:00:00.000 UTC,4545270111413226457012
avalanche_c,2022-11-14 00:00:00.000 UTC,119324770105495613830762
gnosis,2022-11-14 00:00:00.000 UTC,4545270111413226457012
Gnosis,2022-11-15 00:00:00.000 UTC,1377576184589561885317
gnosis,2022-11-15 00:00:00.000 UTC,1377576184589561885317
Avalanche,2022-11-18 00:00:00.000 UTC,41416703223058543921153
Gnosis,2022-11-18 00:00:00.000 UTC,1443411530476219315677
avalanche_c,2022-11-18 00:00:00.000 UTC,41416703223058543921153
gnosis,2022-11-18 00:00:00.000 UTC,1443411530476219315677
Avalanche,2022-11-20 00:00:00.000 UTC,107326769766430117476044
Gnosis,2022-11-20 00:00:00.000 UTC,3708127473145506692926
avalanche_c,2022-11-20 00:00:00.000 UTC,107326769766430117476044
gnosis,2022-11-20 00:00:00.000 UTC,3708127473145506692926
Gnosis,2022-11-21 00:00:00.000 UTC,3694326887517829948241
gnosis,2022-11-21 00:00:00.000 UTC,3694326887517829948241
Avalanche,2022-11-22 00:00:00.000 UTC,101346959756418376675329
Gnosis,2022-11-22 00:00:00.000 UTC,935265183549372103849
avalanche_c,2022-11-22 00:00:00.000 UTC,101346959756418376675329
gnosis,2022-11-22 00:00:00.000 UTC,935265183549372103849
Gnosis,2022-11-25 00:00:00.000 UTC,1198888149710657941836
gnosis,2022-11-25 00:00:00.000 UTC,1198888149710657941836
Gnosis,2022-11-27 00:00:00.000 UTC,1300364523705038406081
gnosis,2022-11-27 00:00:00.000 UTC,1300364523705038406081
Gnosis,2022-11-28 00:00:00.000 UTC,1531723854225256832183
gnosis,2022-11-28 00:00:00.000 UTC,1531723854225256832183
Gnosis,2022-11-30 00:00:00.000 UTC,3466104267701331492505
gnosis,2022-11-30 00:00:00.000 UTC,3466104267701331492505
Gnosis,2022-12-01 00:00:00.000 UTC,909737196817515684591
gnosis,2022-12-01 00:00:00.000 UTC,909737196817515684591
Gnosis,2022-12-02 00:00:00.000 UTC,1248310576461949401714
gnosis,2022-12-02 00:00:00.000 UTC,1248310576461949401714
Avalanche,2022-12-03 00:00:00.000 UTC,146101680455295299607016
avalanche_c,2022-12-03 00:00:00.000 UTC,146101680455295299607016
Avalanche,2022-12-05 00:00:00.000 UTC,388303444847794361809377
avalanche_c,2022-12-05 00:00:00.000 UTC,388303444847794361809377
Gnosis,2022-12-06 00:00:00.000 UTC,1444489885267793916964
gnosis,2022-12-06 00:00:00.000 UTC,1444489885267793916964
Gnosis,2022-12-07 00:00:00.000 UTC,1451851897298220401073
gnosis,2022-12-07 00:00:00.000 UTC,1451851897298220401073
Arbitrum,2022-12-08 00:00:00.000 UTC,1436545597949269807561
arbitrum,2022-12-08 00:00:00.000 UTC,1436545597949269807561
Avalanche,2022-12-09 00:00:00.000 UTC,11890000000000000000000
avalanche_c,2022-12-09 00:00:00.000 UTC,11890000000000000000000
Avalanche,2022-12-10 00:00:00.000 UTC,190143732224150251896076
avalanche_c,2022-12-10 00:00:00.000 UTC,190143732224150251896076
Arbitrum,2022-12-11 00:00:00.000 UTC,367939351599670274940
arbitrum,2022-12-11 00:00:00.000 UTC,367939351599670274940
Gnosis,2022-12-13 00:00:00.000 UTC,3289784926368700737215
gnosis,2022-12-13 00:00:00.000 UTC,3289784926368700737215
Gnosis,2022-12-14 00:00:00.000 UTC,1938938806521320792657
gnosis,2022-12-14 00:00:00.000 UTC,1938938806521320792657
Gnosis,2022-12-16 00:00:00.000 UTC,15886535830939455975900
gnosis,2022-12-16 00:00:00.000 UTC,15886535830939455975900
Gnosis,2022-12-17 00:00:00.000 UTC,1380451039188855538613
gnosis,2022-12-17 00:00:00.000 UTC,1380451039188855538613
Avalanche,2022-12-20 00:00:00.000 UTC,201172468935114817743782
avalanche_c,2022-12-20 00:00:00.000 UTC,201172468935114817743782
Arbitrum,2022-12-26 00:00:00.000 UTC,313922215751398014826
arbitrum,2022-12-26 00:00:00.000 UTC,313922215751398014826
Gnosis,2022-12-29 00:00:00.000 UTC,18171863857819993951
gnosis,2022-12-29 00:00:00.000 UTC,18171863857819993951
Gnosis,2023-01-09 00:00:00.000 UTC,2463757968831724401901
gnosis,2023-01-09 00:00:00.000 UTC,2463757968831724401901
Gnosis,2023-01-10 00:00:00.000 UTC,1851816854593804055012
gnosis,2023-01-10 00:00:00.000 UTC,1851816854593804055012
Gnosis,2023-01-11 00:00:00.000 UTC,1570902912350812587017
gnosis,2023-01-11 00:00:00.000 UTC,1570902912350812587017
Gnosis,2023-01-12 00:00:00.000 UTC,8467869089594465709531
gnosis,2023-01-12 00:00:00.000 UTC,8467869089594465709531
Gnosis,2023-01-13 00:00:00.000 UTC,10638137140813243362307
gnosis,2023-01-13 00:00:00.000 UTC,10638137140813243362307
Gnosis,2023-01-14 00:00:00.000 UTC,21169219964385853779672
gnosis,2023-01-14 00:00:00.000 UTC,21169219964385853779672
Gnosis,2023-01-15 00:00:00.000 UTC,948270535031754061460
gnosis,2023-01-15 00:00:00.000 UTC,948270535031754061460
Gnosis,2023-01-20 00:00:00.000 UTC,9647174523214850098188
gnosis,2023-01-20 00:00:00.000 UTC,9647174523214850098188
Gnosis,2023-01-21 00:00:00.000 UTC,11110418108107923216324
gnosis,2023-01-21 00:00:00.000 UTC,11110418108107923216324
Gnosis,2023-01-23 00:00:00.000 UTC,685289907039339766851
gnosis,2023-01-23 00:00:00.000 UTC,685289907039339766851
Gnosis,2023-01-25 00:00:00.000 UTC,3397233413514482215098
gnosis,2023-01-25 00:00:00.000 UTC,3397233413514482215098
Avalanche,2023-01-26 00:00:00.000 UTC,25679565627496077800910
avalanche_c,2023-01-26 00:00:00.000 UTC,25679565627496077800910
Avalanche,2023-01-27 00:00:00.000 UTC,34980226225820707209470
avalanche_c,2023-01-27 00:00:00.000 UTC,34980226225820707209470
Gnosis,2023-01-28 00:00:00.000 UTC,328713645089537450265
gnosis,2023-01-28 00:00:00.000 UTC,328713645089537450265
Gnosis,2023-01-29 00:00:00.000 UTC,1512714526942543639407
gnosis,2023-01-29 00:00:00.000 UTC,1512714526942543639407
Gnosis,2023-02-02 00:00:00.000 UTC,8791911963131322647592
gnosis,2023-02-02 00:00:00.000 UTC,8791911963131322647592
Gnosis,2023-02-03 00:00:00.000 UTC,6225775142454656705783
gnosis,2023-02-03 00:00:00.000 UTC,6225775142454656705783
Avalanche,2023-02-05 00:00:00.000 UTC,1458774831522842566915208542
Gnosis,2023-02-05 00:00:00.000 UTC,4008755701549879094775142
avalanche_c,2023-02-05 00:00:00.000 UTC,1458774831522842566915208542
gnosis,2023-02-05 00:00:00.000 UTC,4008755701549879094775142
Arbitrum,2023-02-06 00:00:00.000 UTC,850346135103116008154
Avalanche,2023-02-06 00:00:00.000 UTC,402408227131396918277205
Gnosis,2023-02-06 00:00:00.000 UTC,139057515085500282010527
arbitrum,2023-02-06 00:00:00.000 UTC,850346135103116008154
avalanche_c,2023-02-06 00:00:00.000 UTC,402408227131396918277205
gnosis,2023-02-06 00:00:00.000 UTC,139057515085500282010527
Arbitrum,2023-02-07 00:00:00.000 UTC,5469580215395897350279
Gnosis,2023-02-07 00:00:00.000 UTC,10620765632956172768062
arbitrum,2023-02-07 00:00:00.000 UTC,5469580215395897350279
gnosis,2023-02-07 00:00:00.000 UTC,10620765632956172768062
Gnosis,2023-02-09 00:00:00.000 UTC,7490178207432578707277
gnosis,2023-02-09 00:00:00.000 UTC,7490178207432578707277
Avalanche,2023-02-10 00:00:00.000 UTC,228939658430369137263765
Gnosis,2023-02-10 00:00:00.000 UTC,7270139771752951679709
avalanche_c,2023-02-10 00:00:00.000 UTC,228939658430369137263765
gnosis,2023-02-10 00:00:00.000 UTC,7270139771752951679709
Gnosis,2023-02-12 00:00:00.000 UTC,526530960693801537099919940
gnosis,2023-02-12 00:00:00.000 UTC,526530960693801537099919940
Avalanche,2023-02-13 00:00:00.000 UTC,5664427011342522389341994
Gnosis,2023-02-13 00:00:00.000 UTC,40305280531617697248423
avalanche_c,2023-02-13 00:00:00.000 UTC,5664427011342522389341994
gnosis,2023-02-13 00:00:00.000 UTC,40305280531617697248423
Avalanche,2023-02-15 00:00:00.000 UTC,3310683303190141432542052
Gnosis,2023-02-15 00:00:00.000 UTC,46636939841056709893939
avalanche_c,2023-02-15 00:00:00.000 UTC,3310683303190141432542052
gnosis,2023-02-15 00:00:00.000 UTC,46636939841056709893939
Gnosis,2023-02-16 00:00:00.000 UTC,36214228142152177621183
gnosis,2023-02-16 00:00:00.000 UTC,36214228142152177621183
Avalanche,2023-02-17 00:00:00.000 UTC,25948318804738773897152636
Gnosis,2023-02-17 00:00:00.000 UTC,428866998674242893998924696
avalanche_c,2023-02-17 00:00:00.000 UTC,25948318804738773897152636
gnosis,2023-02-17 00:00:00.000 UTC,428866998674242893998924696
Arbitrum,2023-02-18 00:00:00.000 UTC,483542090019570234160
Gnosis,2023-02-18 00:00:00.000 UTC,11585963816229213194036
arbitrum,2023-02-18 00:00:00.000 UTC,483542090019570234160
gnosis,2023-02-18 00:00:00.000 UTC,11585963816229213194036
Gnosis,2023-02-20 00:00:00.000 UTC,1274492055767837782073
gnosis,2023-02-20 00:00:00.000 UTC,1274492055767837782073
Gnosis,2023-02-22 00:00:00.000 UTC,18039357436856409503062
gnosis,2023-02-22 00:00:00.000 UTC,18039357436856409503062
Avalanche,2023-02-23 00:00:00.000 UTC,375454821642208857355192
avalanche_c,2023-02-23 00:00:00.000 UTC,375454821642208857355192
Gnosis,2023-02-25 00:00:00.000 UTC,12723111235260380432713
gnosis,2023-02-25 00:00:00.000 UTC,12723111235260380432713
Gnosis,2023-02-26 00:00:00.000 UTC,1799002574163602241370
gnosis,2023-02-26 00:00:00.000 UTC,1799002574163602241370
Gnosis,2023-02-27 00:00:00.000 UTC,12911546686929613996791
gnosis,2023-02-27 00:00:00.000 UTC,12911546686929613996791
Gnosis,2023-03-03 00:00:00.000 UTC,44944470485589694463976
gnosis,2023-03-03 00:00:00.000 UTC,44944470485589694463976
Avalanche,2023-03-04 00:00:00.000 UTC,416005550312232513573163
avalanche_c,2023-03-04 00:00:00.000 UTC,416005550312232513573163
Avalanche,2023-03-09 00:00:00.000 UTC,36776782964481010685144919
Gnosis,2023-03-09 00:00:00.000 UTC,54032404399773777834564
avalanche_c,2023-03-09 00:00:00.000 UTC,36776782964481010685144919
gnosis,2023-03-09 00:00:00.000 UTC,54032404399773777834564
Arbitrum,2023-03-10 00:00:00.000 UTC,328338007657419503713
Gnosis,2023-03-10 00:00:00.000 UTC,34328137217706804120193
arbitrum,2023-03-10 00:00:00.000 UTC,328338007657419503713
gnosis,2023-03-10 00:00:00.000 UTC,34328137217706804120193
Gnosis,2023-03-11 00:00:00.000 UTC,59982945148524303098850
gnosis,2023-03-11 00:00:00.000 UTC,59982945148524303098850
Gnosis,2023-03-13 00:00:00.000 UTC,36658727869236333547383
gnosis,2023-03-13 00:00:00.000 UTC,36658727869236333547383
Gnosis,2023-03-14 00:00:00.000 UTC,42138336898266613578731
gnosis,2023-03-14 00:00:00.000 UTC,42138336898266613578731
Gnosis,2023-03-15 00:00:00.000 UTC,14183305766065179745759
gnosis,2023-03-15 00:00:00.000 UTC,14183305766065179745759
Gnosis,2023-03-17 00:00:00.000 UTC,14231488443331310650417
gnosis,2023-03-17 00:00:00.000 UTC,14231488443331310650417
Avalanche,2023-03-18 00:00:00.000 UTC,206951716088139446495284
Gnosis,2023-03-18 00:00:00.000 UTC,28842992657907663474221
avalanche_c,2023-03-18 00:00:00.000 UTC,206951716088139446495284
gnosis,2023-03-18 00:00:00.000 UTC,28842992657907663474221
Gnosis,2023-03-19 00:00:00.000 UTC,109690328234933509275201
gnosis,2023-03-19 00:00:00.000 UTC,109690328234933509275201
Gnosis,2023-03-20 00:00:00.000 UTC,6734952116927715747391
gnosis,2023-03-20 00:00:00.000 UTC,6734952116927715747391
Gnosis,2023-03-21 00:00:00.000 UTC,3175204133254849936756
gnosis,2023-03-21 00:00:00.000 UTC,3175204133254849936756
Arbitrum,2023-03-22 00:00:00.000 UTC,11247476336443188518400
Gnosis,2023-03-22 00:00:00.000 UTC,2837232464167622223544
arbitrum,2023-03-22 00:00:00.000 UTC,11247476336443188518400
gnosis,2023-03-22 00:00:00.000 UTC,2837232464167622223544
Arbitrum,2023-03-23 00:00:00.000 UTC,3431643414610726975671
arbitrum,2023-03-23 00:00:00.000 UTC,3431643414610726975671
Arbitrum,2023-03-24 00:00:00.000 UTC,617785010909275507568
Avalanche,2023-03-24 00:00:00.000 UTC,270502957721742432683652
arbitrum,2023-03-24 00:00:00.000 UTC,617785010909275507568
avalanche_c,2023-03-24 00:00:00.000 UTC,270502957721742432683652
Avalanche,2023-03-25 00:00:00.000 UTC,230311310462426981117744
avalanche_c,2023-03-25 00:00:00.000 UTC,230311310462426981117744
Arbitrum,2023-03-26 00:00:00.000 UTC,353879191496556880477842
arbitrum,2023-03-26 00:00:00.000 UTC,353879191496556880477842
Avalanche,2023-03-27 00:00:00.000 UTC,301106287840201063101877
avalanche_c,2023-03-27 00:00:00.000 UTC,301106287840201063101877
Arbitrum,2023-03-29 00:00:00.000 UTC,982051842012722411551
arbitrum,2023-03-29 00:00:00.000 UTC,982051842012722411551
Gnosis,2023-03-30 00:00:00.000 UTC,5319066397116109401728
gnosis,2023-03-30 00:00:00.000 UTC,5319066397116109401728
Gnosis,2023-03-31 00:00:00.000 UTC,3301849616528820981118
gnosis,2023-03-31 00:00:00.000 UTC,3301849616528820981118
Arbitrum,2023-04-02 00:00:00.000 UTC,972885011730822657892
arbitrum,2023-04-02 00:00:00.000 UTC,972885011730822657892
Arbitrum,2023-04-05 00:00:00.000 UTC,3879453425360531988927
arbitrum,2023-04-05 00:00:00.000 UTC,3879453425360531988927
Avalanche,2023-04-06 00:00:00.000 UTC,7602749524336632174592
avalanche_c,2023-04-06 00:00:00.000 UTC,7602749524336632174592
Arbitrum,2023-04-07 00:00:00.000 UTC,1203748179721447083374903792
arbitrum,2023-04-07 00:00:00.000 UTC,1203748179721447083374903792
Arbitrum,2023-04-08 00:00:00.000 UTC,808428055838776135303
arbitrum,2023-04-08 00:00:00.000 UTC,808428055838776135303
Arbitrum,2023-04-09 00:00:00.000 UTC,856090830700653105532
arbitrum,2023-04-09 00:00:00.000 UTC,856090830700653105532
Arbitrum,2023-04-10 00:00:00.000 UTC,34824531273139748094820
arbitrum,2023-04-10 00:00:00.000 UTC,34824531273139748094820
Gnosis,2023-04-11 00:00:00.000 UTC,14688071736715368231920
gnosis,2023-04-11 00:00:00.000 UTC,14688071736715368231920
Gnosis,2023-04-13 00:00:00.000 UTC,7742735167155754859827
gnosis,2023-04-13 00:00:00.000 UTC,7742735167155754859827
Arbitrum,2023-04-14 00:00:00.000 UTC,529084628515292289343
Gnosis,2023-04-14 00:00:00.000 UTC,31528019247034779530708
arbitrum,2023-04-14 00:00:00.000 UTC,529084628515292289343
gnosis,2023-04-14 00:00:00.000 UTC,31528019247034779530708
Arbitrum,2023-04-16 00:00:00.000 UTC,1900879720259119883076
Avalanche,2023-04-16 00:00:00.000 UTC,2331203938423410584424638
arbitrum,2023-04-16 00:00:00.000 UTC,1900879720259119883076
avalanche_c,2023-04-16 00:00:00.000 UTC,2331203938423410584424638
Avalanche,2023-04-17 00:00:00.000 UTC,783744504503158522279710
avalanche_c,2023-04-17 00:00:00.000 UTC,783744504503158522279710
Avalanche,2023-04-18 00:00:00.000 UTC,167103422035526200609439
avalanche_c,2023-04-18 00:00:00.000 UTC,167103422035526200609439
Avalanche,2023-04-19 00:00:00.000 UTC,783744504503158522279710
avalanche_c,2023-04-19 00:00:00.000 UTC,783744504503158522279710
Avalanche,2023-04-20 00:00:00.000 UTC,34854544658478346168251
Gnosis,2023-04-20 00:00:00.000 UTC,4150074589241716462750
avalanche_c,2023-04-20 00:00:00.000 UTC,34854544658478346168251
gnosis,2023-04-20 00:00:00.000 UTC,4150074589241716462750
Avalanche,2023-04-21 00:00:00.000 UTC,874192267712648078333096
Gnosis,2023-04-21 00:00:00.000 UTC,28745572971417036434873
avalanche_c,2023-04-21 00:00:00.000 UTC,874192267712648078333096
gnosis,2023-04-21 00:00:00.000 UTC,28745572971417036434873
Avalanche,2023-04-22 00:00:00.000 UTC,8108914830369703399282345
avalanche_c,2023-04-22 00:00:00.000 UTC,8108914830369703399282345
Arbitrum,2023-04-24 00:00:00.000 UTC,28646156131828315896084
Gnosis,2023-04-24 00:00:00.000 UTC,14722967637553999897176
arbitrum,2023-04-24 00:00:00.000 UTC,28646156131828315896084
gnosis,2023-04-24 00:00:00.000 UTC,14722967637553999897176
Arbitrum,2023-04-25 00:00:00.000 UTC,23519482960546864614228
arbitrum,2023-04-25 00:00:00.000 UTC,23519482960546864614228
Gnosis,2023-04-26 00:00:00.000 UTC,24456996476531467503388
gnosis,2023-04-26 00:00:00.000 UTC,24456996476531467503388
Arbitrum,2023-04-27 00:00:00.000 UTC,1167530089925494175550284429
arbitrum,2023-04-27 00:00:00.000 UTC,1167530089925494175550284429
Avalanche,2023-05-01 00:00:00.000 UTC,277794016671186478462484
avalanche_c,2023-05-01 00:00:00.000 UTC,277794016671186478462484
Avalanche,2023-05-02 00:00:00.000 UTC,3281048489778218027549203
avalanche_c,2023-05-02 00:00:00.000 UTC,3281048489778218027549203
Avalanche,2023-05-04 00:00:00.000 UTC,279011308954603644270770
avalanche_c,2023-05-04 00:00:00.000 UTC,279011308954603644270770
Arbitrum,2023-05-06 00:00:00.000 UTC,10819512370608913824369
arbitrum,2023-05-06 00:00:00.000 UTC,10819512370608913824369
Gnosis,2023-05-08 00:00:00.000 UTC,3316564470802635933336
gnosis,2023-05-08 00:00:00.000 UTC,3316564470802635933336
Avalanche,2023-05-09 00:00:00.000 UTC,1041279785250192367609
Gnosis,2023-05-09 00:00:00.000 UTC,4025245738935984130532
avalanche_c,2023-05-09 00:00:00.000 UTC,1041279785250192367609
gnosis,2023-05-09 00:00:00.000 UTC,4025245738935984130532
Avalanche,2023-05-11 00:00:00.000 UTC,6516275996215938910614229
Gnosis,2023-05-11 00:00:00.000 UTC,15135833613780603857747
avalanche_c,2023-05-11 00:00:00.000 UTC,6516275996215938910614229
gnosis,2023-05-11 00:00:00.000 UTC,15135833613780603857747
Gnosis,2023-05-12 00:00:00.000 UTC,16612396477602889844981
gnosis,2023-05-12 00:00:00.000 UTC,16612396477602889844981
Gnosis,2023-05-13 00:00:00.000 UTC,2591261078682292379185
gnosis,2023-05-13 00:00:00.000 UTC,2591261078682292379185
Avalanche,2023-05-15 00:00:00.000 UTC,56042968920595030420210
avalanche_c,2023-05-15 00:00:00.000 UTC,56042968920595030420210
Gnosis,2023-05-16 00:00:00.000 UTC,1365917152788125356210
gnosis,2023-05-16 00:00:00.000 UTC,1365917152788125356210
Avalanche,2023-05-18 00:00:00.000 UTC,7954483360989550826409
avalanche_c,2023-05-18 00:00:00.000 UTC,7954483360989550826409
Gnosis,2023-05-24 00:00:00.000 UTC,1613988730585571943466
gnosis,2023-05-24 00:00:00.000 UTC,1613988730585571943466
Gnosis,2023-05-26 00:00:00.000 UTC,345364179166562339473979
gnosis,2023-05-26 00:00:00.000 UTC,345364179166562339473979
Gnosis,2023-05-27 00:00:00.000 UTC,35378177716121827276112
gnosis,2023-05-27 00:00:00.000 UTC,35378177716121827276112
Gnosis,2023-05-28 00:00:00.000 UTC,15240359639393705428137
gnosis,2023-05-28 00:00:00.000 UTC,15240359639393705428137
Gnosis,2023-05-29 00:00:00.000 UTC,4218557272076257475934
gnosis,2023-05-29 00:00:00.000 UTC,4218557272076257475934
Avalanche,2023-05-30 00:00:00.000 UTC,225405749288732415806034
avalanche_c,2023-05-30 00:00:00.000 UTC,225405749288732415806034
Gnosis,2023-05-31 00:00:00.000 UTC,15525645642261508344050
gnosis,2023-05-31 00:00:00.000 UTC,15525645642261508344050
Avalanche,2023-06-03 00:00:00.000 UTC,1123463138070006702342491
Gnosis,2023-06-03 00:00:00.000 UTC,2879376277741349859187
avalanche_c,2023-06-03 00:00:00.000 UTC,1123463138070006702342491
gnosis,2023-06-03 00:00:00.000 UTC,2879376277741349859187
Avalanche,2023-06-05 00:00:00.000 UTC,48662706274597211155978
Gnosis,2023-06-05 00:00:00.000 UTC,16692650194656617175545
avalanche_c,2023-06-05 00:00:00.000 UTC,48662706274597211155978
gnosis,2023-06-05 00:00:00.000 UTC,16692650194656617175545
Arbitrum,2023-06-06 00:00:00.000 UTC,675860866731293942501
arbitrum,2023-06-06 00:00:00.000 UTC,675860866731293942501
Avalanche,2023-06-10 00:00:00.000 UTC,133373921352608687499372
avalanche_c,2023-06-10 00:00:00.000 UTC,133373921352608687499372
Avalanche,2023-06-12 00:00:00.000 UTC,116865261675859919325072
Gnosis,2023-06-12 00:00:00.000 UTC,61573595870077542918211
avalanche_c,2023-06-12 00:00:00.000 UTC,116865261675859919325072
gnosis,2023-06-12 00:00:00.000 UTC,61573595870077542918211
Gnosis,2023-06-13 00:00:00.000 UTC,10750879489098099788638
gnosis,2023-06-13 00:00:00.000 UTC,10750879489098099788638
Gnosis,2023-06-14 00:00:00.000 UTC,21539123466397064844482
gnosis,2023-06-14 00:00:00.000 UTC,21539123466397064844482
Gnosis,2023-06-17 00:00:00.000 UTC,1500000000000000
gnosis,2023-06-17 00:00:00.000 UTC,1500000000000000
Gnosis,2023-06-22 00:00:00.000 UTC,23852600084629338625530
gnosis,2023-06-22 00:00:00.000 UTC,23852600084629338625530
Avalanche,2023-06-24 00:00:00.000 UTC,135451553496132353722292
avalanche_c,2023-06-24 00:00:00.000 UTC,135451553496132353722292
Avalanche,2023-06-28 00:00:00.000 UTC,53821682856840202527712
avalanche_c,2023-06-28 00:00:00.000 UTC,53821682856840202527712
Avalanche,2023-07-01 00:00:00.000 UTC,17377884289050937124057
avalanche_c,2023-07-01 00:00:00.000 UTC,17377884289050937124057
Arbitrum,2023-07-02 00:00:00.000 UTC,272143073141329180823359688
Avalanche,2023-07-02 00:00:00.000 UTC,51780638540507109626925169
arbitrum,2023-07-02 00:00:00.000 UTC,272143073141329180823359688
avalanche_c,2023-07-02 00:00:00.000 UTC,51780638540507109626925169
Gnosis,2023-07-03 00:00:00.000 UTC,6992007495117732046960049278
gnosis,2023-07-03 00:00:00.000 UTC,6992007495117732046960049278
Gnosis,2023-07-04 00:00:00.000 UTC,42111240765913346868732
gnosis,2023-07-04 00:00:00.000 UTC,42111240765913346868732
Gnosis,2023-07-06 00:00:00.000 UTC,37527364987529730233281
gnosis,2023-07-06 00:00:00.000 UTC,37527364987529730233281
Arbitrum,2023-07-09 00:00:00.000 UTC,8443287417250688826436
arbitrum,2023-07-09 00:00:00.000 UTC,8443287417250688826436
Avalanche,2023-07-12 00:00:00.000 UTC,886915944576582381649950
Gnosis,2023-07-12 00:00:00.000 UTC,26767794120064420743811
avalanche_c,2023-07-12 00:00:00.000 UTC,886915944576582381649950
gnosis,2023-07-12 00:00:00.000 UTC,26767794120064420743811
Avalanche,2023-07-14 00:00:00.000 UTC,11162197350545588637288901
Gnosis,2023-07-14 00:00:00.000 UTC,12446072782125218341573
avalanche_c,2023-07-14 00:00:00.000 UTC,11162197350545588637288901
gnosis,2023-07-14 00:00:00.000 UTC,12446072782125218341573
Avalanche,2023-07-22 00:00:00.000 UTC,16266835414172610202077536626
avalanche_c,2023-07-22 00:00:00.000 UTC,16266835414172610202077536626
Avalanche,2023-07-23 00:00:00.000 UTC,4887258402311298399701868784
avalanche_c,2023-07-23 00:00:00.000 UTC,4887258402311298399701868784
Avalanche,2023-07-24 00:00:00.000 UTC,13741458305871922613006235
avalanche_c,2023-07-24 00:00:00.000 UTC,13741458305871922613006235
Avalanche,2023-07-26 00:00:00.000 UTC,121795780038599834007458719
avalanche_c,2023-07-26 00:00:00.000 UTC,121795780038599834007458719
Avalanche,2023-07-27 00:00:00.000 UTC,200229738974832298280609352
avalanche_c,2023-07-27 00:00:00.000 UTC,200229738974832298280609352
Avalanche,2023-07-31 00:00:00.000 UTC,5184654338772648801253045
Gnosis,2023-07-31 00:00:00.000 UTC,40573846639433013763
avalanche_c,2023-07-31 00:00:00.000 UTC,5184654338772648801253045
gnosis,2023-07-31 00:00:00.000 UTC,40573846639433013763
Avalanche,2023-08-03 00:00:00.000 UTC,188592449371748425158789
avalanche_c,2023-08-03 00:00:00.000 UTC,188592449371748425158789
Arbitrum,2023-08-05 00:00:00.000 UTC,16691758344092068306786900930
Avalanche,2023-08-05 00:00:00.000 UTC,482410255415776445245192
arbitrum,2023-08-05 00:00:00.000 UTC,16691758344092068306786900930
avalanche_c,2023-08-05 00:00:00.000 UTC,482410255415776445245192
Arbitrum,2023-08-07 00:00:00.000 UTC,16368025356374413956365604
arbitrum,2023-08-07 00:00:00.000 UTC,16368025356374413956365604
Avalanche,2023-08-11 00:00:00.000 UTC,27534656668848596910255
avalanche_c,2023-08-11 00:00:00.000 UTC,27534656668848596910255
Arbitrum,2023-08-12 00:00:00.000 UTC,461186458730683018591002
arbitrum,2023-08-12 00:00:00.000 UTC,461186458730683018591002
Arbitrum,2023-08-13 00:00:00.000 UTC,16932123097397099444961207045
arbitrum,2023-08-13 00:00:00.000 UTC,16932123097397099444961207045
Gnosis,2023-08-17 00:00:00.000 UTC,51181156717908534196824
gnosis,2023-08-17 00:00:00.000 UTC,51181156717908534196824
Arbitrum,2023-08-18 00:00:00.000 UTC,473550463530842461765792
arbitrum,2023-08-18 00:00:00.000 UTC,473550463530842461765792
Avalanche,2023-08-19 00:00:00.000 UTC,35269482752397920088938518
avalanche_c,2023-08-19 00:00:00.000 UTC,35269482752397920088938518
Avalanche,2023-08-20 00:00:00.000 UTC,46313622152703402303305013
avalanche_c,2023-08-20 00:00:00.000 UTC,46313622152703402303305013
Avalanche,2023-08-21 00:00:00.000 UTC,393235066039781023334726
avalanche_c,2023-08-21 00:00:00.000 UTC,393235066039781023334726
Gnosis,2023-08-22 00:00:00.000 UTC,23760877469597772691568022
gnosis,2023-08-22 00:00:00.000 UTC,23760877469597772691568022
Avalanche,2023-08-24 00:00:00.000 UTC,3843534048298367086672840
avalanche_c,2023-08-24 00:00:00.000 UTC,3843534048298367086672840
Avalanche,2023-08-31 00:00:00.000 UTC,7151604068686240567360740
Gnosis,2023-08-31 00:00:00.000 UTC,18223029879911304995767
avalanche_c,2023-08-31 00:00:00.000 UTC,7151604068686240567360740
gnosis,2023-08-31 00:00:00.000 UTC,18223029879911304995767
Avalanche,2023-09-01 00:00:00.000 UTC,3710878715632577429946096
avalanche_c,2023-09-01 00:00:00.000 UTC,3710878715632577429946096
Avalanche,2023-09-04 00:00:00.000 UTC,208134089799848782505300
avalanche_c,2023-09-04 00:00:00.000 UTC,208134089799848782505300
Avalanche,2023-09-09 00:00:00.000 UTC,7490418052430333378900987
avalanche_c,2023-09-09 00:00:00.000 UTC,7490418052430333378900987
Avalanche,2023-09-10 00:00:00.000 UTC,51395124134012133211027
avalanche_c,2023-09-10 00:00:00.000 UTC,51395124134012133211027
Gnosis,2023-09-11 00:00:00.000 UTC,262000000000000
gnosis,2023-09-11 00:00:00.000 UTC,262000000000000
Avalanche,2023-09-12 00:00:00.000 UTC,96306402717634800030178
Gnosis,2023-09-12 00:00:00.000 UTC,840000000000000
avalanche_c,2023-09-12 00:00:00.000 UTC,96306402717634800030178
gnosis,2023-09-12 00:00:00.000 UTC,840000000000000
Avalanche,2023-09-13 00:00:00.000 UTC,1065505032708000000000000
Gnosis,2023-09-13 00:00:00.000 UTC,1600000000000000
avalanche_c,2023-09-13 00:00:00.000 UTC,1065505032708000000000000
gnosis,2023-09-13 00:00:00.000 UTC,1600000000000000
Gnosis,2023-09-14 00:00:00.000 UTC,1514000000000000
gnosis,2023-09-14 00:00:00.000 UTC,1514000000000000
Gnosis,2023-09-15 00:00:00.000 UTC,276019649993009978980013
gnosis,2023-09-15 00:00:00.000 UTC,276019649993009978980013
Gnosis,2023-09-16 00:00:00.000 UTC,60000000000000
gnosis,2023-09-16 00:00:00.000 UTC,60000000000000
Gnosis,2023-09-17 00:00:00.000 UTC,952500000000000
gnosis,2023-09-17 00:00:00.000 UTC,952500000000000
Gnosis,2023-09-18 00:00:00.000 UTC,200000000000000
gnosis,2023-09-18 00:00:00.000 UTC,200000000000000
Gnosis,2023-09-19 00:00:00.000 UTC,937000000000000
gnosis,2023-09-19 00:00:00.000 UTC,937000000000000
Gnosis,2023-09-20 00:00:00.000 UTC,4047860805219909099886
gnosis,2023-09-20 00:00:00.000 UTC,4047860805219909099886
